{
  "date": "2020-08-13T11:28:15.119Z",
  "title": "Coisas da Teca no Youtube ",
  "description": "",
  "sections": [
    {
      "type": "breadcrumbs",
      "enabled": true
    },
    {
      "type": "page-title",
      "description": "Vídeos Novos toda Semana : Como fazer bolsas , passo a passo de confecção de necessaries, estojos, carteiras e muito mais. ",
      "title": "Coisas da Teca no Youtube - Vídeos Tutoriais - Passo a Passo DIY "
    },
    {
      "type": "blog-post",
      "enabled": true
    },
    {
      "type": "collection-shelf",
      "shuffle": true,
      "sort": "news",
      "title": "Aproveite os Produtos a Pronta Entrega",
      "collection_id": "5f19eb4714ff772fde81d7ec:categories:Tecidos:/tecidos"
    },
    {
      "type": "info-bar",
      "enabled": true
    },
    {
      "type": "blog",
      "enabled": true
    }
  ],
  "meta_title": "Coisas da Teca no Youtube Coisas da Teca no Youtube: Passo a passo e tutoriais para confecção de bolsas, necessaries, estojos e mais vem conferir",
  "meta_description": "Coisas da Teca no Youtube: Passo a passo e tutoriais para confecção de bolsas, necessaries, estojos e mais vem conferir",
  "body": "<iframe width=\"100%\" height=\"600\" src=\"https://www.youtube.com/embed/9ufyjo57TJw\" frameborder=\"0\" allow=\"accelerometer; autoplay; encrypted-media; gyroscope; picture-in-picture\" allowfullscreen></iframe>\n\n<a href=\"https://www.youtube.com/channel/UCLVo4xgPbiXVimhonzdybsA\" target=\"_blank\" rel=\"noopener\"><button type=\"button\" class=\"btn btn-primary btn-block\"> Inscreva-se </button>\n\n",
  "thumbnail": "/img/uploads/coisas-da-teca-youtube.png"
}