{
  "date": "2020-12-27T14:55:00.000Z",
  "thumbnail": "/img/uploads/shoulder-bag.png",
  "title": "DIY - Passo a Passo Shoulder Bag (Bolsa Transversal com Zíper)",
  "meta_title": "DIY - Passo a Passo Shoulder Bag (Bolsa Transversal com Zíper)",
  "meta_description": "Como fazer uma bolsa transversal com zíper - DIY by Coisas da Teca ",
  "sections": [
    {
      "type": "breadcrumbs",
      "enabled": true
    },
    {
      "type": "page-title",
      "title": "DIY - Passo a Passo Shoulder Bag (Bolsa Transversal com Zíper)",
      "description": "Como fazer uma bolsa transversal com zíper - DIY by Coisas da Teca "
    },
    {
      "type": "blog-post",
      "enabled": true
    },
    {
      "type": "collection-shelf",
      "shuffle": false,
      "limit": 12,
      "page": 1,
      "collection_id": "5f19eb5e14ff772fde81d81f:categories:Cactus:/cactus",
      "sort": "views"
    },
    {
      "type": "info-bar",
      "enabled": true
    },
    {
      "type": "blog",
      "enabled": true
    }
  ],
  "body": "<iframe width=\"100%\" height=\"315\" src=\"https://www.youtube.com/embed/LpuEPaYUsgU\" frameborder=\"0\" allow=\"accelerometer; autoplay; clipboard-write; encrypted-media; gyroscope; picture-in-picture\" allowfullscreen></iframe>\n<a href=\"https://www.youtube.com/embed/LpuEPaYUsgU\" target=\"_blank\"> <b><span>Inscreva-se no Canal Coisas da Teca no Youtube, e receba notificações cada vez que postar um vídeo novo! </b> </span></a>\n\n\nOi gente, tudo bem?\r\nO passo a passo de hoje está super na moda!!! Vamos fazer uma Shoulder Bag, ela é uma bolsa transversal só que com um tamanho menor.\r\nEla é super linda, vale a pena fazer para vender, usar ou presentear!\r\n\n\n<a href=\"https://drive.google.com/file/d/1KIVBQ0pNrXFRR7ddJk0QnWQdBGRtrxVK/view\" target=\"_blank\"> <span><b>Link do Molde</b> </span></a>\n\n\n\nTodos os tecidos usados nesse passo a passo você encontra aqui na minha loja de tecidos!\n\n<a href=\"https://www.coisasdatecaloja.com.br/busque-por-temas\" target=\"_blank\"> <span><b>Compre Aqui </b> </span></a>"
}