{
  "date": "2020-12-14T10:41:00.000Z",
  "thumbnail": "/img/uploads/bolsinha-de-mao.png",
  "title": "DIY - Passo a Passo Bolsinha de Mão / Clutch Fácil de Fazer",
  "meta_title": "DIY - Passo a Passo Bolsinha de Mão / Clutch Fácil de Fazer",
  "meta_description": "Como fazer uma bolsinha de mão/clutch. Faça para vender ou para presentear!",
  "sections": [
    {
      "type": "breadcrumbs",
      "enabled": true
    },
    {
      "type": "page-title",
      "description": "Como fazer uma bolsinha de mão/clutch. Faça para vender ou para presentear!",
      "title": "DIY - Passo a Passo Bolsinha de Mão / Clutch Fácil de Fazer"
    },
    {
      "type": "blog-post",
      "enabled": true
    },
    {
      "type": "info-bar",
      "enabled": true
    },
    {
      "type": "collection-shelf",
      "shuffle": false,
      "limit": 12,
      "page": 1,
      "collection_id": "5f19eb5114ff772fde81d802:categories:Frutas:/tecido-estampa-frutas",
      "sort": "views"
    },
    {
      "type": "blog",
      "enabled": true
    }
  ],
  "body": "<iframe width=\"100%\" height=\"315\" src=\"https://www.youtube.com/embed/NSBMlw0aDfE\" frameborder=\"0\" allow=\"accelerometer; autoplay; clipboard-write; encrypted-media; gyroscope; picture-in-picture\" allowfullscreen></iframe>\n<a href=\"https://www.youtube.com/embed/NSBMlw0aDfE\" target=\"_blank\"> <b><span>Inscreva-se no Canal Coisas da Teca no Youtube, e receba notificações cada vez que postar um vídeo novo! </b> </span></a>\n\nOi gente, tudo bem?\r\nO vídeo de hoje está uma lindeza!!! Vamos fazer uma bolsinha de mão/clutch super fácil de fazer!\r\nFaça para vender ou para presentear!\n\nTodos os tecidos usados nesse passo a passo você encontra aqui na minha loja de tecidos!\n\n<a href=\"https://www.coisasdatecaloja.com.br/tecido-estampa-frutas\" target=\"_blank\"> <span><b>Compre Aqui </b> </span></a>"
}