{
  "meta_title": "Coisas da Teca -Tecidos Nacionais e Produtos de Armarinho para seu Artesanato",
  "meta_description": "Loja Coisas da Teca, tecidos nacionais de diversas estampas.Kits de tecidos, alças e produtos de armarinho para seu artesanato.",
  "sections": [
    {
      "type": "banner-slider",
      "autoplay": 7000,
      "slides": [
        {
          "start": "2020-12-03T21:31:45.031Z",
          "end": "2021-01-06T03:00:00.000Z",
          "img": "/img/uploads/slidenatal1.jpg",
          "link": "https://www.coisasdatecaloja.com.br/tecidos",
          "alt": "Frete Grátis para Todo Brasil Voltou! Vem aproveitar "
        },
        {
          "start": "2020-11-12T03:43:39.119Z",
          "end": "",
          "img": "/img/uploads/slidearmarinhos2.jpg",
          "link": "https://www.coisasdatecaloja.com.br/armarinho",
          "mobile_img": ""
        },
        {
          "start": "2021-01-01T03:00:00.000Z",
          "end": "",
          "img": "/img/uploads/anonovo.jpg",
          "link": "https://www.coisasdatecaloja.com.br/colecoes"
        }
      ]
    },
    {
      "type": "responsive-banner",
      "img": "/img/uploads/fachada-tecidos-coisasdateca.png",
      "mobile_img": "/img/uploads/fachadamobileteca.png"
    },
    {
      "type": "collection-shelf",
      "shuffle": true,
      "collection_id": null,
      "sort": "news",
      "title": "♥ Frete Grátis Voltou! Nas Compras acima de R$189 use o Cupom:PRESENTEDENATAL   ♥",
      "page": "",
      "limit": ""
    },
    {
      "type": "collection-shelf",
      "shuffle": false,
      "limit": 12,
      "page": "",
      "sort": "news",
      "collection_id": "5f19eb4f14ff772fde81d7fe:categories:Coruja:/tecido-estampa-coruja",
      "title": "♥ Coleção Corujinhas ♥",
      "link": "https://www.coisasdatecaloja.com.br/tecido-estampa-coruja"
    },
    {
      "type": "collection-shelf",
      "shuffle": false,
      "limit": "",
      "page": "",
      "sort": "sales",
      "collection_id": "5f19eb5614ff772fde81d80e:categories:Neutro Tom Tom:/tecido-neutro-tom-tom",
      "title": "♥Tecidos Neutros ♥",
      "link": "https://www.coisasdatecaloja.com.br/tecido-neutro-tom-tom"
    },
    {
      "type": "collection-shelf",
      "shuffle": false,
      "limit": "",
      "page": "",
      "collection_id": "5f4d156c7430f92180ea7c18:collections:Mais Armarinho:/mais-armarinho",
      "link": "https://www.coisasdatecaloja.com.br/armarinho",
      "title": "♥ Armarinho ♥",
      "sort": "views"
    },
    {
      "type": "banners-grid",
      "banners": [
        {
          "img": "/img/uploads/busqueportemas.png",
          "link": "https://www.coisasdatecaloja.com.br/busque-por-temas"
        },
        {
          "img": "/img/uploads/banner-youtube.png",
          "link": "https://www.youtube.com/channel/UCLVo4xgPbiXVimhonzdybsA"
        },
        {
          "img": "/img/uploads/kit-tecidos1.png",
          "link": "https://www.coisasdatecaloja.com.br/kit-tecidos"
        }
      ]
    },
    {
      "type": "collection-shelf",
      "shuffle": true,
      "sort": "sales",
      "headless": false,
      "title": "♥Queridinhos♥",
      "collection_id": null
    },
    {
      "type": "collection-shelf",
      "shuffle": false,
      "limit": "",
      "page": "",
      "title": "♥Especiais do Mês♥",
      "collection_id": "5fc98acc69274c73fce11f2b:collections:Fim de Ano 2020:/fimdeano",
      "sort": "views",
      "link": "https://www.coisasdatecaloja.com.br/fimdeano"
    },
    {
      "type": "page-title",
      "title": "Blog Coisas da Teca "
    },
    {
      "type": "blog",
      "enabled": true
    },
    {
      "type": "info-bar",
      "enabled": true
    }
  ]
}